<?xml version="1.0" encoding="UTF-8"?>
<config xmlns="http://www.knime.org/2008/09/XMLConfig" xmlns:xsi="http://www.w3.org/2001/XMLSchema-instance" xsi:schemaLocation="http://www.knime.org/2008/09/XMLConfig http://www.knime.org/XMLConfig_2008_09.xsd" key="spec.xml">
<entry key="spec_name" type="xstring" value="default"/>
<entry key="number_columns" type="xint" value="1"/>
<config key="column_spec_0">
<entry key="column_name" type="xstring" value="Annotated Sequence"/>
<config key="element_names">
<entry key="array-size" type="xint" value="0"/>
</config>
<config key="column_type">
<entry key="cell_class" type="xstring" value="au.edu.unimelb.plantcell.core.cells.SequenceCell"/>
</config>
<config key="column_domain"/>
<config key="column_properties">
<entry key="PlantCell:Tracks:CBS:SignalP" type="xstring" value="bmFtZT1DQlM6U2lnbmFsUAphbm5vdGF0ZWQ9eWVzCmFubm90YXRpb25fdHlwZT1MQUJFTExFRF9SRUdJT05TCmNvb3Jkcz1PRkZTRVRfRlJPTV9TVEFSVA=="/>
</config>
</config>
</config>
